,title,company,job_id,date,link,insights,description
0,IT Specialist,Westaff,3008282803,2022-04-04,https://www.linkedin.com/jobs/view/it-specialist-at-westaff-3008282803?refId=Gkbeeh%2FjS0qPmd7Zz1zdZg%3D%3D&trackingId=VyGQaz62FTrQuq013119rQ%3D%3D&position=1&pageNum=0&trk=public_jobs_jserp-result_search-card,[],"Cutting-Edge Technology; Up and Growing Company!!!!!!
Pay: $28 per hour DOE

Responsibilities:
•Ensure optimal performance of end-user workstations, design solutions for non-standard workspaces, and provide recommendations for proper hardware
•Respond to inquiries and requests for technical assistance from end-users.
•Provide a personable interface between the IT Technician and IT’s customers.
•Maintain a documented inventory of all IT assets for the local site, tracking end-of-life, warranty, and support dates and working with Corporate IT to replace aging equipment.
•Train users in the use of new hardware and application software and software tools

Experience:
•Bachelor’s degree in Information Systems, Computer Information Technology, or similar technical field
•Demonstrable problem-solving abilities and a willingness to find root causes
•Exceptional oral and written communication skills
•Associate-level and entry-level certifications in the following areas are preferred: networking, physical hardware, virtualization technology

Hours: Monday thru Friday 8am-5pm; others as needed

Benefits:
Direct Hire with Company plus full benefits package
Show more "
1,Director of Information Technology,Flexicrew Technical Services,3012144877,2022-04-06,https://www.linkedin.com/jobs/view/director-of-information-technology-at-flexicrew-technical-services-3012144877?refId=Gkbeeh%2FjS0qPmd7Zz1zdZg%3D%3D&trackingId=PBNyB9nDyd9LXHRkCFrQ%2Bw%3D%3D&position=2&pageNum=0&trk=public_jobs_jserp-result_search-card,[],"Southeast U.S.: Flexicrew Technical Services (FTS) is seeking a Director of Information Technology. This is an on-site position in south Louisiana reporting to the CAO. 




The Director will manage the organization's technology-related strategies and initiatives, plan for the company's technology needs, and address tech-related problems. The role identifies and challenges the company to move forward with advances in technology and methods of processing and managing information. The Director is a leader and innovator for the company's Information Technology department.

 

Essential Functions: 




• Defines and leads the execution of technology and data strategy, as well as managing the day-to-day operation of governance, innovation, security, compliance, operations, infrastructure, applications, data and user support functions within the organization.

• Creates and executes a clear strategic vision that leads and drives the accomplishment of business objectives through the application of technology. 

• Identifies changes for the department’s technology and develops an overall strategy to meet the Company’s needs and goals and recommend systems software and hardware necessary for the successful integration of information systems.

• Implements an annual Information Technology strategic plan consistent with the corporate strategic plan as well as develop procedures for control of all business systems encompassing systems and data backup, recovery and risk management support.

• Directs the development and administration of Information Technology capital and expense budgets and maintain control procedures necessary to ensure compliance.

 

Requirements/Skills: 




• Bachelor's degree in Computer Science or related field of study. 

• Solid knowledge and experience leading team of IT professionals in support of enterprise business applications including Enterprise Resource Planning (ERP) software.

• Experience with Oracle EBS (11.5.7/R12) applications or equivalent business operation systems. 

• Five years of increasingly progressive leadership and management experience in the information technology and services field with three or more years in a Managing Director or above level role.

• Strong knowledge of principles and best practices in information security, including cyber security guidelines, controls, processes and cyber solutions.

• PL/SQL and Government Contracts in tracking/measuring program performance and progress are a plus.




Equal Opportunity Statement:




Flexicrew Technical Services is an Equal Opportunity Employer; employment with FTS is governed on the basis of merit, competence, and qualifications. Employment or consideration will not be influenced in any manner by race, color, religion, gender, national origin/ethnicity, veteran status, disability status, age, sexual orientation, gender identity, marital status, mental or physical disability or any other legally protected status. 




Show more "
2,Géomètre Topographe H/F,KOBALTT,3043661790,2022-04-23,https://fr.linkedin.com/jobs/view/g%C3%A9om%C3%A8tre-topographe-h-f-at-kobaltt-3043661790?refId=D%2BJe3LfCHMqyOxex%2FMkt6Q%3D%3D&trackingId=Gayb99Wz5iBTH3TjKk8R1g%3D%3D&position=3&pageNum=0&trk=public_jobs_jserp-result_search-card,[],"Kobaltt recrute pour ses clients, des profils hautes compétences spécialisés dans les métiers de l'Ingénierie - Industrie, Informatique - Digital, Tertiaire - Finance, Sales - Marketing, ainsi que Supply Chain - ADV, en CDD, CDI et travail temporaire.

Pilier des relations humaines, nous consacrons notre expertise et notre énergie à identifier avec la plus grande réactivité des professionnels à fort potentiel depuis plus de 20 ans sur tout le territoire Français.

Votre Mission

Description de la mission :

Vous assurez le lien entre les plans du projet et la réalité du terrain, de la phase d'implantation du chantier jusqu'au plan de récolement.

Vos Responsabilités

Vous établissez des relevés de caractéristiques physiques (bornage, tonométriques, altimétriques, d'intérieurs, d'implantation), juridiques et foncières (délimitation des domaines fonciers, copropriété) des terrains à aménager.

Vous effectuez la visite de l'implantation en mettant en évidence les points particuliers à l'aide du plan d'implantation

Vous réalisez les plans topographiques et d'implantation des ouvrages

Vous réalisez l'implantation des points du projet sur le terrain sur la base des plans d'exécution et les maintenez jusqu'à la fin du chantier

Vous intervenez en conseil sur la base d'une veille active sur les évolutions géographiques, topographiques, juridiques et réglementaires.

Profil souhaité

Doté(e) d'un bon relationnel, et rigoureu(se), vous aimez travailler en équipe, et êtes à l'aise avec les outils informatiques.

Formations souhaitées

Titulaire d'un BTS ou d'une licence professionnelle dans le domaine des travaux publics, avec une spécialisation géomètre / topographe.

Le permis B est requis.

Expérience demandée

3 année(s)
Show more Show less"
3,Chief Technology Officer - Strategic Partnerships,Dell Technologies,3042954150,2022-04-22,https://www.linkedin.com/jobs/view/chief-technology-officer-strategic-partnerships-at-dell-technologies-3042954150?refId=Gkbeeh%2FjS0qPmd7Zz1zdZg%3D%3D&trackingId=gf1CHHRT6IdaLHhBgaMlNw%3D%3D&position=4&pageNum=0&trk=public_jobs_jserp-result_search-card,[],"From applied research to advanced engineering, the Strategic Partnership team collaborating with our Global Technology Partners has the expertise to shape ground-breaking products, material and processes. It’s a fascinating field of work. We’re involved in assessing the competition, developing technology and product strategies and generating intellectual property. We lead technology investigations, analyze industry capabilities and recommend potential acquisitions or vendor partner opportunities. Our insights influence product architecture and definitions. And we work with colleagues across the business to ensure our products always lead the way.

Join us to do the best work of your career and make a profound social impact as a Chief Technology Officer on our Strategic Partnerships team in Remote USA.

What You’ll Achieve

As a Chief Technology Officer - Strategic Partnerships, you will be responsible for partner identification, vetting and product alignment to fulfill Dell’s product strategy and roadmaps requirements. Lead and foster technical planning between Dell and partner community to drive Dell Tech value creation . Serve as a technical liaison/leader between Strategic Partnership team. Dell Product/Engineering teams and the partner community. Drive internal and external alignment of the strategy. Develop and articulate strategies to reposition Dell to attract partner investment and innovation (platform centric positioning). Work seamlessly across a broad range of teams to drive the Dell partnering strategy from conception to outcome. Key stakeholder teams may include Office of the CTO, Product Development organizations, Procurement, Strategy, Global Services and others.

You will:

Provide organization-wide technical expertise & leadership across Industry, Dell and key partners in the development of next gen initiatives
Applies thought leadership to shape long-term strategic technical direction and reputation of Dell.
Uncovers strategic issues from a technical perspective that impact partner alignment with Dell objectives
Conduct technology reviews with the potential/existing partners to assess alignment with Dell requirements and objectives.
Identify and develop differentiation opportunities, provides technical insights and makes recommendations to Dell stakeholders


Take the first step towards your dream career

Every Dell Technologies team member brings something unique to the table. Here’s what we are looking for with this role:

Essential Requirements

Extensive Dell ISG experience, relationships and knowledge of the Dell Offer Lifecycle Process (Mandatory)
Successful track record engaging with enterprise technology partners for the integration & creation of new revenue producing offers
In-depth knowledge of the industry landscape, partner product and technical capabilities that align with Dell strategies with a focus on software vendors (ISVs) in the areas of data management, orchestration and management, including AIOPs
Expert negotiation skills and the ability to establish mutually beneficial program commitments and expectations with partners/Dell


Desirable Requirements

15+ years experience of progressively increasing responsibility in Enterprise IT Technology and Product Development
Business or Technical degree or equivalent in experience


Here’s our story; now tell us yours

Dell Technologies helps organizations and individuals build a brighter digital tomorrow. Our company is made up of more than 150,000 people, located in over 180 locations around the world. We’re proud to be a diverse and inclusive team and have an endless passion for our mission to drive human progress.

What’s most important to us is that you are respected, feel like you can be yourself and have the opportunity to do the best work of your life -- while still having a life. We offer excellent benefits, bonus programs, flexible work arrangements, a variety of career development opportunities, employee resource groups, and much more.

We started with computers, but we didn’t stop there. We are helping customers move into the future with multi-cloud, AI and machine learning through the most innovative technology and services portfolio for the data era. Join us and become a part of what’s next in technology, starting today.

You can also learn more about us by reading our latest Diversity and Inclusion Report and our plan to make the world a better place by 2030 here.

Application closing date: DD Month YYYY

Dell is committed to the principle of equal employment opportunity for all employees and to providing employees with a work environment free of discrimination and harassment. All employment decisions at Dell are based on business needs, job requirements and individual qualifications, without regard to race, color, religion or belief, national, social or ethnic origin, sex (including pregnancy), age, physical, mental or sensory disability, HIV Status, sexual orientation, gender identity and/or expression, marital, civil union or domestic partnership status, past or present military service, family medical history or genetic information, family or parental status, or any other status protected by the laws or regulations in the locations where we operate. Dell will not tolerate discrimination or harassment based on any of these characteristics. Dell encourages applicants of all ages. Read the full Equal Employment Opportunity Policy here.

Job Id: R179959
Show more "
4,Macon Finisseur H/F,Crit Intérim,3043666664,2022-04-23,https://fr.linkedin.com/jobs/view/macon-finisseur-h-f-at-crit-int%C3%A9rim-3043666664?refId=D%2BJe3LfCHMqyOxex%2FMkt6Q%3D%3D&trackingId=7qMQEjZ6%2B5EGppKTMe7TzA%3D%3D&position=5&pageNum=0&trk=public_jobs_jserp-result_search-card,[],"Vous recherchez un emploi en CDI, CDD ou en intérim

CRIT recrute chaque année des milliers de profils dans les métiers de l'Industrie, Transport, BTP ou Services pour ses 29 000 clients.+ de 5000 offres d'emploi partout en France sur www.crit-job.com

Tous nos postes sont ouverts aux candidats en situation de handicap.

Nous sommes à la recherche pour l'un de nos clients en gros oeuvre d'un Maçon Finisseur H/F pour des travaux de finition sur seuils, ragréage, appui fenêtres sur le bassin rennais.

Vous Aurez Pour Mission

Lisser le béton et appliquer les produits de traitement de surface.
Réaliser et/ou reboucher les réservations dans le béton.
Restaurer les structures en béton.
Effectuer les reprises sur les ouvrages pour les rendre conformes (ponçage, piquage, sciage, grattage de béton, tronçonnage). Vous avez les Compétences dans le domaine de la maçonnerie et particulièrement la finition ; Vous êtes rigoureux et vous savez travailler en autonomie, n'hésitez pas à contacter l'agence CRIT BTP Rennes

le permis est un plus pour le poste
Show more Show less"
5,Information Technology Specialist,Hoist & Crane Service Group,3032186365,2022-04-18,https://www.linkedin.com/jobs/view/information-technology-specialist-at-hoist-crane-service-group-3032186365?refId=Gkbeeh%2FjS0qPmd7Zz1zdZg%3D%3D&trackingId=pE%2F9SVCz%2Ffxyd5QUV%2F%2FRoQ%3D%3D&position=5&pageNum=0&trk=public_jobs_jserp-result_search-card,[],"Information Technology Support Assistant

Description




Hoist & Crane Service Group is offering an entry level, full time position to perform IT help desk related tasks and maintenance of the information systems and related technologies behind a national crane service company. Incorporate and practice HCSG 5 Marks: Safety, Integrity, Efficiency, Legacy, Respect - in all aspects of job performance.




Responsibilities Include:

Administrate Active Directory and office 365 user accounts
Computer setups
Computer repairs
Computer reformats/software
Profile setups
General support (25 locations)
IT asset tracking

IT Help Desk Skills:

Knowledge of Windows operating systems--Windows server 2016, Windows 10 Pro
Knowledge of common desktop applications: MS Office 2010-2016 (e.g., Word, Excel, Outlook, PowerPoint, and Access), Adobe Acrobat, and Exchange Outlook Web Access
Working knowledge of PC hardware and networking infrastructure
Windows driver installation and troubleshooting for printers and other peripherals
Active Directory printer and file sharing
Ability to research and troubleshoot unfamiliar errors using online knowledge base and other resources to effectively identify and resolve problems

Previous experience with any of these technologies is a major plus, but not expected or required:

NetSuite and M-Files

Qualifications:

IT Support: 2+ years (Preferred)
Bachelor's (Preferred) or related field

Behavioral Requirements:

Can succeed at tasks independently
Can handle multiple assignments concurrently to completion
Problem solving skills, attention to detail and critical thinking
Must possess excellent written communication, organizational, and interpersonal skills




Qualifications:

IT Support: 2+ years (Preferred)
Bachelor's (Preferred) or related field

Behavioral Requirements:

Can succeed at tasks independently
Can handle multiple assignments concurrently to completion
Problem solving skills, attention to detail and critical thinking
Must possess excellent written communication, organizational, and interpersonal skills
Show more "
6,Technicien Cordiste Maçon H/F,ACCEDIF INTERIM,3043659776,2022-04-23,https://fr.linkedin.com/jobs/view/technicien-cordiste-ma%C3%A7on-h-f-at-accedif-interim-3043659776?refId=D%2BJe3LfCHMqyOxex%2FMkt6Q%3D%3D&trackingId=o0ia0qcGZip7myRxAzFoug%3D%3D&position=7&pageNum=0&trk=public_jobs_jserp-result_search-card,[],"Agence d'intérim spécialisée dans les travaux de hauteur et télécom, Accedif Intérim bénéficie d'une expertise reconnue dans le domaine du recrutement et de la délégation dans le respect de la législation.

Divers travaux sur corde à Paris / région parisienne. Recherche un(e) technicien(ne) cordiste maçon(ne) à Paris / région parisienne H/F.
Show more Show less"
7,Technical Consultant,S1 Technology,3012541901,2022-04-07,https://www.linkedin.com/jobs/view/technical-consultant-at-s1-technology-3012541901?refId=Gkbeeh%2FjS0qPmd7Zz1zdZg%3D%3D&trackingId=XekTmP%2BDlo3AgZgkB0fD4Q%3D%3D&position=6&pageNum=0&trk=public_jobs_jserp-result_search-card,[],"S1 Technology is looking to bring another technical consultant onto the team! We're a strategic managed IT service provider that really cares about our customers and hold ourselves to a very high standard in both customer experience and technical expertise. We're looking for a high-energy consultant to join our growing team!




We're laser-focused on customer experience and a good technical consultant takes a consulting-by-doing approach to help end-users use technology to make their jobs easier and their lives better!




To excel in this role, you'll need to be capable of the following:




- Respond to tickets and resolve user problems with hardware, software, and/or related technologies




- Install and upgrade computer & networking hardware and software




- Support and install hardware system components and peripherals (printers, scanner, WAPs)




- Troubleshoot and resolve issues relating to VoIP solutions including phones, desktop & mobile applications, connectivity, and account management




- Create, remove, edit, and backup accounts in Active Directory & Office 365




- Monitor and respond to tickets relating to network connectivity, virus alerts, and backup jobs




- Implement effective problem-solving techniques and manage appropriate escalation




- Perform job duties while maintaining the absolute highest level of professionalism and customer service




- Utilize internal applications to proactively monitor, identify, isolate, and resolve system problems to avoid impact on businesses




- Coordinate with vendors when necessary to resolve issues




- Determine the severity of issues and prioritize resolution




- Document known recurring issues and resolutions for efficient handling of future incidents, including automation of handling when possible




- Participate in on-call rotations




The following experience is recommended:




- MS Server 2008 – 2019 experience; Windows OS 7/8/10; Android, and iOS support




- Helpdesk ticketing system(s) experience and incident lifecycle management




- Utilizing remote support tools for virtual support and troubleshooting




- Configuration & troubleshooting of business-grade routers, switches, firewalls, and wireless access points




- Office 365 Administration




- Malware identification and removal




- Troubleshooting DNS & DHCP




- Analytical thinking




- Ability to explain technology issues to end-users and co-workers




- Strong written and verbal communication skills




- Time management skills




- Ticket resolution with a laser focus on efficiency & quality




Employment Type

Full-time

Show more "
8,Graphic Designer,Ridlr,3041078281,2022-03-29,https://in.linkedin.com/jobs/view/graphic-designer-at-ridlr-3041078281?refId=D%2BJe3LfCHMqyOxex%2FMkt6Q%3D%3D&trackingId=u3%2BqLfMEcjpZuCh4T0i4IA%3D%3D&position=10&pageNum=0&trk=public_jobs_jserp-result_search-card,[],"Graphic designer & illustrator

Graduate/Post Graduate from a design school

2 - 3 years work experience

Good with concepts, ideas and worked on marketing campaigns

Knowhow Of Photoshop & Illustrator

Video making/editing skills are a bonus

Key Tasks

Leading entire online/offline design portfolio

Conceptualization and execution of entire marketing design campaign

Scope: Digital banners, ads, social media posts, emailers

Offline: ATL and BTL campaign work, storyboards, logos,

Mobile App experience is desirable. Skills:- User Experience (UX) Design, HTML/CSS, Adobe Photoshop, Adobe Illustrator, Interaction Design, Wireframing and Mockups
Show more Show less"
9,Maçon VRD H/F,Crit Intérim,3043671469,2022-04-23,https://fr.linkedin.com/jobs/view/ma%C3%A7on-vrd-h-f-at-crit-int%C3%A9rim-3043671469?refId=D%2BJe3LfCHMqyOxex%2FMkt6Q%3D%3D&trackingId=508RvFR8DOWRnCvgj8yKlQ%3D%3D&position=11&pageNum=0&trk=public_jobs_jserp-result_search-card,[],"Vous recherchez un emploi en CDI, CDD ou en intérim

CRIT recrute chaque année des milliers de profils dans les métiers de l'Industrie, Transport, BTP ou Services pour ses 29 000 clients.+ de 5000 offres d'emploi partout en France sur www.crit-job.com

Tous nos postes sont ouverts aux candidats en situation de handicap.

Votre agence CRIT COUTANCES recherche un maçon VRD H/F pour l'un de ses clients.

Vos Missions

Implantation de bordures.
Dépose repose dallage et pavés.
Confection de trottoir béton.

Habilitations Nécessaires

H0V/B0V.
AIPR.

Contactez-nous au **.**.**.**.*- ou

Envoyez votre CV à l'adresse suivante : ****@****.** Personne sérieuse et motivée.
Show more Show less"
10,HR RECRUITER | MILANO,Fondazione Patrizio Paoletti,3041078653,2022-04-05,https://it.linkedin.com/jobs/view/hr-recruiter-milano-at-fondazione-patrizio-paoletti-3041078653?refId=D%2BJe3LfCHMqyOxex%2FMkt6Q%3D%3D&trackingId=F3apSwsbJkljx%2FeQo%2BVVbQ%3D%3D&position=12&pageNum=0&trk=public_jobs_jserp-result_search-card,[],"Fondazione Patrizio Paoletti, associazione no profit impegnata in progetti educativi in tutto il mondo cerca una nuova risorsa da inserire come Junior HR.

La Risorsa Si Occuperà Di

stesura e pubblicazione annunci
screening cv
convocazione ai colloqui
selezione di nuove risorse
supporto nella gestione dell'amministrazione HR

Richiesta

Precedente esperienza nell'ambito HR, preferibilmente nel no-profit
Buona conoscenza del mercato del lavoro e dei metodi e strumenti di selezione del personale
Dimestichezza nell'utilizzo dei social network
Disponbilità immediata.

Il lavoro si svolgerà in modalità full-time, dal lunedì al venerdì, dalle ore 09:00-18:00

Luogo di lavoro: MILANO

Si offre contratto a tempo determinato

Candidati, ORA!!!

Il presente annuncio é rivolto ad entrambi i sessi, ai sensi delle leggi 903/77 e 125/91, e a persone di tutte le età e tutte le nazionalità, ai sensi dei decreti legislativi 215/03 e 216/03
Show more Show less"
11,Content Specialist Bij Technical Valley,Techniekwerkt.nl,3043677055,2022-04-23,https://nl.linkedin.com/jobs/view/content-specialist-bij-technical-valley-at-techniekwerkt-3043677055?refId=D%2BJe3LfCHMqyOxex%2FMkt6Q%3D%3D&trackingId=fnTSKlHKnzsoopijMaDUyw%3D%3D&position=13&pageNum=0&trk=public_jobs_jserp-result_search-card,[],"Wat ga je doen?

In de krappe, technische markt is onderscheidende creativiteit noodzakelijk om het verschil te maken in de race om aandacht. Jij en jouw content spelen een belangrijke rol in de marketingcampagnes waarmee je potentiële collega’s en klanten weet te boeien en binden. In een energiek team neem jij als allrounder maar al te graag het voortouw, met inspirerende en relevante content die converteert als eindresultaat. Je vertaalt de mede door jou bedachte strategie door naar geschreven en audiovisuele content. Zo ben je van begin tot eind betrokken bij het verder opbouwen van het Technical Valley-merk.

Waar ben je verantwoordelijk voor?

Hoe is het om bij Technical Valley te werken? En wat is voor een organisatie de toegevoegde waarde van een samenwerking met onze specialisten? Met sterke content geef je samen met je marketingcollega’s antwoord op de potentiële vragen die de doelgroep heeft, zowel op B2B- als op B2C-niveau. Jouw werk varieert van video’s/animaties, social media-content en e-mailcampagnes tot SEO-webteksten, vacatureteksten en nieuwsbrieven. Als Content Specialist krijg jij alle vrijheid: je neemt dan ook graag de touwtjes in handen! Heb je voor een artikel quotes van een docent nodig? Jij bent al onderweg naar de praktijkwerkplaats. Werkt er een collega aan een mooi technisch project? Je stapt dezelfde week nog in de auto, met een camera en statief in de kofferbak.

Waar sta je over twee jaar?

Sinds jouw komst is de merkpositie van Technical Valley stap voor stap versterkt. De afgelopen twee jaar heb je veel inspirerende content gecreëerd. Met jouw video’s en testimonials heb je een flink aantal kandidaten en prospects verder geholpen. Als Content Specialist ben je meegegroeid met de organisatie. Door die groei blijven zich kansen aandienen die jij met beide handen aangrijpt. Je bedenkt en realiseert dagelijks ideeën die bijdragen aan jouw ontwikkeling en die van Technical Valley!

Wat bieden wij jou?

Zekerheid: je krijgt direct een vast contract voor onbepaalde tijd.
Ontwikkeling: de mogelijkheid om je bij Technical Valley nog verder als specialist te ontwikkelen, mede door het volgen van voor jou relevante opleidingen en trainingen.
Zelfstandigheid: een zelfstandige rol binnen een jong en ambitieus team.
Een knap salaris: afhankelijk van jouw achtergrond en ervaring ontvang je een salaris tussen de €2.200,- en €3.600,-.
Het ontwikkelprogramma E-volve: hierin krijg jij de ruimte en het gereedschap om je te ontwikkelen zoals jij dat wilt.
Gunstige secundaire arbeidsvoorwaarden, waaronder thuiswerkmogelijkheden, een telefoon en laptop, 25 vakantiedagen en 8% vakantiegeld.
Wat neem je mee?

Als Content Specialist ben je een onmisbare schakel in de verdere ontwikkeling van Technical Valley. Je bent ondernemend en hebt geen startschot nodig om in actie te komen. Wat maakt jou de ideale kandidaat?

Je hebt een afgeronde opleiding op hbo-niveau.
Je zet een idee moeiteloos om in content (geschreven en audiovisueel).
Je hebt een assertieve en nieuwsgierige aanpakkersmentaliteit.
Je vindt gezelligheid en humor belangrijk: jij houdt ervan om ook veel plezier te hebben met elkaar!
Je bent in het bezit van een Rijbewijs B.
Jouw team

Je werkt samen met je marketingteam, dat zeven koppen sterk is. Jullie gaan informeel met elkaar om en hebben allemaal een aanstekelijke aanpakkersmentaliteit. Als iemand een goed idee heeft, springen er meteen twee collega’s bij. Er is veel ruimte voor elkaars ideeën. Je werkt veel samen met Recruitment aan wervingsprojecten en ondersteunt de Business bij hun eigen vraagstukken.

Per project kan de samenstelling van collega’s uit verschillende teams verschillen. Ieder heeft zijn talenten en jullie weten elkaar goed aan te vullen. Binnen Technical Valley zijn de lijnen kort en we spreken iedereen (ja, ook de directie) bij de voornaam aan. Wij hebben niet alleen plezier tijdens het werk, maar ook tijdens leuke activiteiten zoals teamuitjes en borrels.


Show more Show less"
12,Infirmier - Infirmiere de Bloc OperatoireIbode H/F,CONNECTT TRAVAIL TEMPORAIRE,3043671432,2022-04-23,https://fr.linkedin.com/jobs/view/infirmier-infirmiere-de-bloc-operatoireibode-h-f-at-connectt-travail-temporaire-3043671432?refId=D%2BJe3LfCHMqyOxex%2FMkt6Q%3D%3D&trackingId=LhDwLBIoMNMidd99H40%2FNQ%3D%3D&position=14&pageNum=0&trk=public_jobs_jserp-result_search-card,[],"CONNECTT AGENCE D'INTERIM ET PLACEMENT

Connectt recherche pour ses clients, des infirmiers H/F de bloc opératoire (IBODE) pour des missions d'intérim sur la région Nord.

Poste de jour en 7h / 10h / 12h

Missions Générales

Contrôle, préparation, présentation et utilisation des dispositifs médicaux stériles et non stériles - Réalisation de mesures de qualité et de sécurité au bloc opératoire - Réalisation de soins auprès d'une personne bénéficiaire d'une intervention - Réalisation de soins et d'activités liées à l'intervention et au geste opératoire - Réalisation et contrôle de mesures d'hygiène en bloc opératoire - Transmission d'information, organisation, planification en bloc opératoire. Profil Souhaité :
Flexibilité et disponibilité.
Diplômé(e) d'Infirmier de Bloc opératoire (IBODE) Français.
Bon relationnel.

Salaire

IBODE confirmé avec diplôme de cette spécialité : 30 EUR Brut/Heure

Avantages

Prime Ségur.
Un environnement de travail polyvalent.
Indemnités km remboursées.
Hebergement.
Show more Show less"
13,Maçon Traditionnel H/F,Crit Intérim,3043664817,2022-04-23,https://fr.linkedin.com/jobs/view/ma%C3%A7on-traditionnel-h-f-at-crit-int%C3%A9rim-3043664817?refId=D%2BJe3LfCHMqyOxex%2FMkt6Q%3D%3D&trackingId=t9UbMUGS3CqQJstLd5RuJA%3D%3D&position=16&pageNum=0&trk=public_jobs_jserp-result_search-card,[],"Vous recherchez un emploi en CDI, CDD ou en intérim

CRIT recrute chaque année des milliers de profils dans les métiers de l'Industrie, Transport, BTP ou Services pour ses 29 000 clients.+ de 5000 offres d'emploi partout en France sur www.crit-job.com

Tous nos postes sont ouverts aux candidats en situation de handicap.

Nous recherchons pour le compte de notre client, un(e) maçon(ne) traditionnel H/F. Vous serez amené(e) à construire des murs, des façades, des cloisons, par maçonnage d'éléments portés (parpaings, briques, pierres, carreaux de plâtre...), à réaliser différents coffrages, l'étanchéité et l'isolation des locaux. Le(a) maçon(ne) peut construire des ouvrages particuliers tels que des piscines, des ouvrages paysagers, des monuments funéraires. Vous pourrez avoir en charge l'approvisionnement, le rangement et le maintien en propreté du chantier. Vous possédez un CAP/BEP en construction bâtiment gros oeuvre ou en aménagement paysager, ou avez une expérience dans le domaine.
Show more Show less"
14,Poseur de Cuisines Qualifié H/F,Crit Intérim,3043665208,2022-04-23,https://fr.linkedin.com/jobs/view/poseur-de-cuisines-qualifi%C3%A9-h-f-at-crit-int%C3%A9rim-3043665208?refId=D%2BJe3LfCHMqyOxex%2FMkt6Q%3D%3D&trackingId=6HY9PrIVEDsKfzNrQaXsdA%3D%3D&position=17&pageNum=0&trk=public_jobs_jserp-result_search-card,[],"Vous recherchez un emploi en CDI, CDD ou en intérim

CRIT recrute chaque année des milliers de profils dans les métiers de l'Industrie, Transport, BTP ou Services pour ses 29 000 clients.+ de 5000 offres d'emploi partout en France sur www.crit-job.com

Tous nos postes sont ouverts aux candidats en situation de handicap.

Nous recherchons pour l'un de nos clients un Poseur H/F de cuisine qualifié

En Tant Que Poseur Expert, Vous Prenez Plaisir à

Assurer la pose parfaite des projets de cuisines, salles de bains et aménagements, dans le respect des normes et des réglementations.
Garantir la satisfaction totale de nos clients par votre rigueur, votre sens du détail et votre expertise. Chaque millimètre compte !.

Tous nos postes sont ouverts aux personnes en situation de handicap.

Salaire : selon expérience Plus qu'un diplôme, nous recherchons avant tout une personnalité et une véritable expérience de poseur qualifié !ins

Vos qualités : la polyvalence, l'organisation, le dynamisme, l'aisance relationnelle, le goût du travail bien fait, le sens du détail et la rigueur.

Evoluer en équipe tout en étant autonome dans votre activité est un de vos atouts reconnu.

Vous justifiez d'une expérience significative dans la pose de cuisines.
Show more Show less"
15,Poseur de Cuisines Qualifié H/F,Crit Intérim,3043658995,2022-04-23,https://fr.linkedin.com/jobs/view/poseur-de-cuisines-qualifi%C3%A9-h-f-at-crit-int%C3%A9rim-3043658995?refId=D%2BJe3LfCHMqyOxex%2FMkt6Q%3D%3D&trackingId=9MGBWRovmzzkRKdbZMh5ig%3D%3D&position=18&pageNum=0&trk=public_jobs_jserp-result_search-card,[],"Vous recherchez un emploi en CDI, CDD ou en intérim

CRIT recrute chaque année des milliers de profils dans les métiers de l'Industrie, Transport, BTP ou Services pour ses 29 000 clients.+ de 5000 offres d'emploi partout en France sur www.crit-job.com

Tous nos postes sont ouverts aux candidats en situation de handicap.

Nous recherchons pour l'un de nos clients un Poseur H/F de cuisine qualifié

En Tant Que Poseur Expert, Vous Prenez Plaisir à

Assurer la pose parfaite des projets de cuisines, salles de bains et aménagements, dans le respect des normes et des réglementations.
Garantir la satisfaction totale de nos clients par votre rigueur, votre sens du détail et votre expertise. Chaque millimètre compte !.

Tous nos postes sont ouverts aux personnes en situation de handicap.

Salaire : selon expérience Plus qu'un diplôme, nous recherchons avant tout une personnalité et une véritable expérience de poseur qualifié !ins

Vos qualités : la polyvalence, l'organisation, le dynamisme, l'aisance relationnelle, le goût du travail bien fait, le sens du détail et la rigueur.

Evoluer en équipe tout en étant autonome dans votre activité est un de vos atouts reconnu.

Vous justifiez d'une expérience significative dans la pose de cuisines.
Show more Show less"
16,Maçon VRD H/F,Crit Intérim,3043665395,2022-04-23,https://fr.linkedin.com/jobs/view/ma%C3%A7on-vrd-h-f-at-crit-int%C3%A9rim-3043665395?refId=D%2BJe3LfCHMqyOxex%2FMkt6Q%3D%3D&trackingId=q8pGXMcQhR%2FkTNsap1mR9A%3D%3D&position=19&pageNum=0&trk=public_jobs_jserp-result_search-card,[],"Vous recherchez un emploi en CDI, CDD ou en intérim

CRIT recrute chaque année des milliers de profils dans les métiers de l'Industrie, Transport, BTP ou Services pour ses 29 000 clients.+ de 5000 offres d'emploi partout en France sur www.crit-job.com

Tous nos postes sont ouverts aux candidats en situation de handicap.

L'agence CRIT Landivisiau recherche pour son client, spécialisé dans les travaux publics, un Maçon VRD H/F .

Missions : coffrage de poutres et poteaux, diverses tâches en maçonnerie, rangement et nettoyage du chantier.

Démarrage à 7h30. CAP Maçon ou équivalent, vous avez une première expérience réussie à un poste similaire.
Show more Show less"
17,Macon Coffreur Bancheur N2 ou N3 H/F,Regional Interim - R Interim,3043665439,2022-04-23,https://fr.linkedin.com/jobs/view/macon-coffreur-bancheur-n2-ou-n3-h-f-at-regional-interim-r-interim-3043665439?refId=D%2BJe3LfCHMqyOxex%2FMkt6Q%3D%3D&trackingId=Bg6PUbeiQ5rUsc0DMZXxfw%3D%3D&position=20&pageNum=0&trk=public_jobs_jserp-result_search-card,[],"REGIONAL INTERIM ET R INTERIM,

BTP, industrie, tertiaire, transport... tant de secteurs accessibles selon vos envies car notre spécialité est de ne pas en avoir !

Trouver l'accord parfait entre vos compétences et les talents recherchés par nos entreprises clientes est notre challenge au quotidien.

Nos équipes sont animées par la même volonté : recruter des talents. Et si c'était vous

Votre Agence R INTERIM De CHOLET Recherche Pour Le Compte De Son Client 3 COFFREURS / BANCHEURS H/F N2 OU N3

Dans le cadre de votre activité vous serez amené à réaliser diverses missions telles que :

Sécuriser une zone de chantier.
Niveler un fond de fouilles une tranchée ou un radier.
Réaliser la pose de réseaux de canalisations fourreaux d'évacuation branchements.
Couler des ouvrages.
Coffrer et décoffrer des ouvrages en béton.
Installer le ferraillage.
Assembler et fixer des éléments en béton.

Rémunération selon la grille du bâtiment.

Vous intervenez sur un chantier sur le secteur du Choletais sur du bâtiment neuf.

Missions pour une durée de 11 mois ! Issu d'un CAP/BEP en coffrage ferraillage béton armé charpente et/ou d'une première expérience réussie sur un poste similaire.\ \Vous êtes une personne manuelle et sérieuse.

Vous vous reconnaissez dans ce poste alors POSTULEZ !
Show more Show less"
18,Menuisier Poseur H/F,Samsic Emploi,3043669218,2022-04-23,https://fr.linkedin.com/jobs/view/menuisier-poseur-h-f-at-samsic-emploi-3043669218?refId=D%2BJe3LfCHMqyOxex%2FMkt6Q%3D%3D&trackingId=6Mz4MpWbURuL7bJd2baxXA%3D%3D&position=23&pageNum=0&trk=public_jobs_jserp-result_search-card,[],"SAMSIC EMPLOI FREJUS recrute pour l'un de ses client un MENUISIER POSEUR ALU/PVC H/F.

Vos Missions Seront Les Suivantes

Poser des ouvrages de menuiseries en bois,
Matériaux dérivés et autres matériaux (aluminium, PVC)

SAMSIC, société socialement responsable, s'engage au quotidien pour l'emploi des personnes en situation de handicap. Sérieux et motivé
Show more Show less"
19,Maçon Traditionnel H/F,Crit Intérim,3043667452,2022-04-23,https://fr.linkedin.com/jobs/view/ma%C3%A7on-traditionnel-h-f-at-crit-int%C3%A9rim-3043667452?refId=D%2BJe3LfCHMqyOxex%2FMkt6Q%3D%3D&trackingId=pZDGMEQSUKkcQ7PpYP9Beg%3D%3D&position=25&pageNum=0&trk=public_jobs_jserp-result_search-card,[],"Vous recherchez un emploi en CDI, CDD ou en intérim

CRIT recrute chaque année des milliers de profils dans les métiers de l'Industrie, Transport, BTP ou Services pour ses 29 000 clients.+ de 5000 offres d'emploi partout en France sur www.crit-job.com

Tous nos postes sont ouverts aux candidats en situation de handicap.

Nous recrutons pour notre client des Maçons Traditionnel H/F pour un chantier sur Argentan 61200

Grâce à Votre Expertise Et Votre Technique

Vous réaliserez divers travaux de maçonnerie, notamment des seuils, enduits, chapes, pose d'agglos... Ainsi que différents coffrages et éléments de ferraillage. Vous disposez d'une bonne maîtrise des techniques de maçonnerie ainsi qu'une bonne connaissance des matériaux.
Show more Show less"
20,Maçon Traditionnel H/F,Crit Intérim,3043667452,2022-04-23,https://fr.linkedin.com/jobs/view/ma%C3%A7on-traditionnel-h-f-at-crit-int%C3%A9rim-3043667452?refId=6%2FpYjWzKNcxC6ae7KGul7A%3D%3D&trackingId=dWt3bgoSMv09tLQnN1rN%2BQ%3D%3D&position=1&pageNum=1&trk=public_jobs_jserp-result_search-card,[],"Vous recherchez un emploi en CDI, CDD ou en intérim

CRIT recrute chaque année des milliers de profils dans les métiers de l'Industrie, Transport, BTP ou Services pour ses 29 000 clients.+ de 5000 offres d'emploi partout en France sur www.crit-job.com

Tous nos postes sont ouverts aux candidats en situation de handicap.

Nous recrutons pour notre client des Maçons Traditionnel H/F pour un chantier sur Argentan 61200

Grâce à Votre Expertise Et Votre Technique

Vous réaliserez divers travaux de maçonnerie, notamment des seuils, enduits, chapes, pose d'agglos... Ainsi que différents coffrages et éléments de ferraillage. Vous disposez d'une bonne maîtrise des techniques de maçonnerie ainsi qu'une bonne connaissance des matériaux.
Show more  Show less "
21,Infirmier de Bloc Operatoire de H/F,JBM,3043662451,2022-04-20,https://fr.linkedin.com/jobs/view/infirmier-de-bloc-operatoire-de-h-f-at-jbm-3043662451?refId=6%2FpYjWzKNcxC6ae7KGul7A%3D%3D&trackingId=gTks2hwNpZFk%2BdrOOCPFyw%3D%3D&position=2&pageNum=1&trk=public_jobs_jserp-result_search-card,[],"JBM est votre partenaire emploi médical et paramédical sur Paris et l'Ile de France. JBM vous propose des missions d'intérim et des postes en CDD - CDI. Inscrivez-vous dès aujourd'hui sur www.jbm-medical.com.

Petite enfance.
Bloc opératoire.
Radiologie.

Notre passion c'est l'excellence !

Nous recherchons pour le compte de notre client, établissement hospitalier grand parking gratuit et accessible en transport en commun un Infirmier de Bloc Opératoire - IBODE H/F

Nous recrutons un infirmier de bloc H/F ou diplômé IBODE pour travailler en contrat de travail temporaire (intérim).

Vos Missions Principales

Vous assurerez la prise en charge du patient en salle d'intervention ainsi que sa sécurité et son confort (assurer la prise des constantes : tensions, fréquence cardiaque, température...)

Vous réaliserez les soins infirmiers et organiserez les activités en salle d'intervention visant au bon déroulement de l'acte opératoire et à l'accompagnement du patient (réception et gestion des boites, aide du praticien, rangement...) Infirmier DE H/F ayant l'expérience du travail en bloc opératoire et/ou titulaire de la spécialité IBODE, vous intégrerez un bloc au sein d'un centre hospitalier.

N'hésitez pas à nous contacter pour connaître l'ensemble des missions disponibles dans notre agence.
Show more Show less"
22,Poseur de Cheminee - Plaquiste H/F,Samsic Emploi,3043664755,2022-04-23,https://fr.linkedin.com/jobs/view/poseur-de-cheminee-plaquiste-h-f-at-samsic-emploi-3043664755?refId=6%2FpYjWzKNcxC6ae7KGul7A%3D%3D&trackingId=xs1HWFHADZdoSP0sXaWafw%3D%3D&position=4&pageNum=1&trk=public_jobs_jserp-result_search-card,[],"Nous recherchons pour une societe du secteur de Frejus 1 PLAQUISTE / POSEUR DE CHEMINEE

Les missions

Réaliser des conduits de fumée
Travailler avec soin, avec efficacité professionnelle selon les indications du Conducteur de travaux
Réaliser des circuits d'air
Réaliser le montage d'une cheminée
Poser et raccorder les foyers, inserts et poêles
Monter une hotte ou un coffrage de cheminée avec isolation
Poser et brancher un récupérateur de chaleur
Nettoyer les ouvrages et les lieux
S'approvisionner en matériaux et matériels
Renseigner le client durant les travaux
Communiquer avec sa hiérarchie en cours et en fin d'intervention

SAMSIC, société socialement responsable, s'engage au quotidien pour l'emploi des personnes en situation de handicap.

Vous avez minimum 3 ans d'expérience dans le bâtiment (second oeuvre, chauffage ou lots de finition) ou une expérience solide comme installateur. Aucun diplôme exigé, juste de la volonté, du bon sens et une bonne capacité d'adaptation. Une formation interne aux produits et méthodes vous sera assurée.
Show more Show less"
23,Vendeur Conseil en Sanitaire - Plomberie H/F,Samsic Emploi,3043666172,2022-04-23,https://fr.linkedin.com/jobs/view/vendeur-conseil-en-sanitaire-plomberie-h-f-at-samsic-emploi-3043666172?refId=6%2FpYjWzKNcxC6ae7KGul7A%3D%3D&trackingId=vY5FhEHAn6qqKFdh%2BeBWfQ%3D%3D&position=6&pageNum=1&trk=public_jobs_jserp-result_search-card,[],"Notre client, spécialisé dans la vente de bricolage et d'amélioration de la maison recrute dans le cadre d'un remplacement un(e) Vendeur, conseiller en sanitaires plomberie et salles de bain.

Vos Missions Seront Les Suivantes

Accueil clientèle
Conseil aux professionnels et particuliers plomberie, sanitaires et salle de bain,
Mise en rayon,
Réalisation de devis avec normes à respecter
Conclure les ventes

SAMSIC, société socialement responsable, s'engage au quotidien pour l'emploi des personnes en situation de handicap. Nous recherchons une personne ayant les connaissances nécessaires en plomberie, sanitaires et salles de bain.

Idéalement vous avez une première expérience réussie dans le domaine

Dynamique, doté(e) d'un bon relationnel et d'un sens commercial, vous aimez le travail en équipe et le contact client.

Poste à pourvoir de suite.
Show more Show less"
24,Menuisier Poseur H/F,Crit Intérim,3043669368,2022-04-23,https://fr.linkedin.com/jobs/view/menuisier-poseur-h-f-at-crit-int%C3%A9rim-3043669368?refId=6%2FpYjWzKNcxC6ae7KGul7A%3D%3D&trackingId=vNDu9pYJTW8tw46cxf1EcQ%3D%3D&position=8&pageNum=1&trk=public_jobs_jserp-result_search-card,[],"Vous recherchez un emploi en CDI, CDD ou en intérim

CRIT recrute chaque année des milliers de profils dans les métiers de l'Industrie, Transport, BTP ou Services pour ses 29 000 clients.+ de 5000 offres d'emploi partout en France sur www.crit-job.com

Tous nos postes sont ouverts aux candidats en situation de handicap.

CRIT Vitré recrute un MENUISIER POSEUR BOIS H/F pour l'un de ses clients situé à proximité de Vitré.

Vos Missions Consistent à

Alimentation du vitrage avec un manipulateur.
Pose vitrage avec calage vitrage.
Pose de parclose.
Pose de joint.

Vos Horaires

Du Lundi au jeudi :

8H-12h/13H30-17 H30 (base 39H) ou 8H-12h/13H30-16H30 (base 35H)

Le Vendredi

8H-12h /13H30-16H30 Vous êtes issu(e) d'une formation de menuisier poseur et/ou vous possédez une expérience significative dans le domaine de la menuiserie.

N'hésitez pas à passer à l'agence pour déposer votre CV.
Show more Show less"
25,Graphic Designer,Toolyt,3041078381,2022-03-29,https://in.linkedin.com/jobs/view/graphic-designer-at-toolyt-3041078381?refId=6%2FpYjWzKNcxC6ae7KGul7A%3D%3D&trackingId=sk5HTT3tIVmyAvJRWwwsRQ%3D%3D&position=11&pageNum=1&trk=public_jobs_jserp-result_search-card,[],"Exp: 2-5 years; We are seeking a new Graphic Designer to join our team. You will be designing a wide variety of things across digital and offline media. To be successful in this position, youll be a self-starter, capable of delivering brilliant creative ideas, and show amazing attention to detail. Responsibilities Planning concepts by studying relevant information and materials. Creating prototype and design for iOS, Android and Web Application Illustrating concepts by designing examples of art arrangement, size, type size and style and submitting them for approval. Contributing to team efforts by accomplishing tasks as needed. Communicating with clients about layout and design. Creating a wide range of graphics and layouts for product illustrations, company logos, and websites with software such as Photoshop. Reviewing final layouts and suggesting improvements when necessary. Requirements Min 2 years experienced in designing iOS and Android Apps Bachelors degree in graphic design or related field. Experience as a graphic designer or in a related field. Demonstrable graphic design skills with a strong portfolio. Proficiency with required desktop publishing tools, including Photoshop, InDesign Quark, and Illustrator. A strong eye for visual composition. Effective time management skills and the ability to meet deadlines. Able to give and receive constructive criticism. Understanding of marketing, production, website design, corporate identity, product packaging, advertisements, and multimedia design. Experience with computer-aided design.
Show more Show less"
26,Mendix Engineer Bij Inkubis,Techniekwerkt.nl,3043672798,2022-04-23,https://nl.linkedin.com/jobs/view/mendix-engineer-bij-inkubis-at-techniekwerkt-3043672798?refId=6%2FpYjWzKNcxC6ae7KGul7A%3D%3D&trackingId=VeTr8WyVNzGksMTXV3EjWQ%3D%3D&position=12&pageNum=1&trk=public_jobs_jserp-result_search-card,[],"Steeds meer bedrijven schakelen over van klassieke softwareontwikkeling naar low-code. Zo creëren ze snel nieuwe functionaliteiten om bedrijfsprocessen te optimaliseren. Bij apvine werken we het Mendix platform, de onbetwiste marktleider in low-code development.

Bouw jij als Mendix engineer mee aan applicaties voor onze klanten én aan onze en jouw toekomst?

Een greep uit je dagelijkse taken

Je bent een enthousiaste en bedrijfsgerichte software engineer. Je bent op je best in een zelfsturende omgeving en werkt via de scrum methodiek. Daarnaast ben je bereid om te leren en verder te groeien in je rol. Je krijgt energie door jouw kennis te delen met collega’s en klanten.

Web en mobile applicaties bouwen en integreren met het Mendix-platform.
Nieuwe functionaliteiten en integraties met andere systemen ontwerpen.
Behoeften schematisch in kaart brengen in nauw overleg met de klant.
Prototypes uitwerken en omzetten in werkbare applicaties.
Zet je troeven aan het werk

Onze klanten zijn vooralsnog geen robots, maar van vlees en bloed. Daarom spreek je zowel IT-taal als mensentaal. Je weet hoe je complexe kwesties behapbaar weergeeft op visuele wijze. Waar je écht in uitblinkt? De vertaalslag maken van requirements naar een gebruiksvriendelijke applicatie, om zo bruggen te bouwen tussen bedrijfsuitdagingen en technische oplossingen. Een gezonde dosis teamspirit en veel zin om deel uit te maken van een leuk, groeiend team zijn een must!

Daarom zit je goed bij apvine

Bij apvine is het fijn werken in een open sfeer met ruimte voor dialoog, initiatief en kansen om te groeien. Ook wij zijn nog groeiende. Er beweegt hier ontzettend veel, en daar heb jij mee een aandeel in. Je bouwt een carrière uit die past bij je karakter en je ambities. Op jouw tempo en met leermogelijkheden bij de vleet.

Je komt terecht in een hecht team waar collega’s de neuzen in dezelfde richting zetten: vooruit. We weten dat je een leven hebt buiten je job, dus zorgen we voor een goed evenwicht tussen werk en privé.

Brood op de plank? Dat spreekt voor zich. Je krijgt een aantrekkelijk salaris, inclusief een resem voordelen die het leven aangenamer maken. Van een bedrijfswagen met tankkaart en alle tools om in je job te schitteren, tot een groeps- en hospitalisatieverzekering.

Technische ditjes en datjes

Je hebt een IT-opleiding op zak, of deed grondige en relevante praktijkervaring op in het bedrijfsleven.
Je deed minstens twee jaar projectervaring op rond bedrijfsapplicaties bouwen (web, PWA, native).
Je bent vertrouwd met domein/data modelleren.
Enige affiniteit met (integratie)technieken zoals REST, OData, SAML of OAuth2 is mooi meegenomen.
Hoor je het niet donderen in Keulen bij termen als ReactJS, React Native en preprocessers SASS en LESS? Dan heb je alvast een streepje voor.
Ervaring met low-code (Mendix of een ander platform) is een dikke plus.


Show more Show less"
27,Technicien Plombier H/F,SUPPLAY,3043672156,2022-04-23,https://fr.linkedin.com/jobs/view/technicien-plombier-h-f-at-supplay-interim-et-recrutement-3043672156?refId=6%2FpYjWzKNcxC6ae7KGul7A%3D%3D&trackingId=G4DnRg7QhTdnMImNjgdBfQ%3D%3D&position=13&pageNum=1&trk=public_jobs_jserp-result_search-card,[],"Acteur majeur dans le secteur de l'intérim et du recrutement, Supplay poursuit sa croissance en gardant une culture d'entreprise fondée sur le respect et l'exigence.

Chaque jour, nous concilions les attentes de nos clients à celles de nos collaborateurs intérimaires avec agilité et les accompagnons dans leurs recrutements.

Supplay, est la première entreprise de travail temporaire à être évaluée ""exemplaire "" pour sa politique RSE 26000 par AFNOR certification.

Notre agence SUPPLAY CLISSON recrute pour l'un de nos clients, différents profils :

Chef d'équipe services plomberie : il réalisera des visites chantiers, l'établissement des devis et la gestion des équipes (2 techniciens).
Technicien plombier : il réalisera des recherches de fuites, des réparations AEP et des remplacements de réseaux d'évacuations (colonnes, suspendu).
Technicien travaux : il réalisera des travaux de réfection d'assainissement : terrassement et de remplacement de canalisations, regards de visites.
Technicien multi-services : Travaux d'entretien et de maintenance (nettoyage et vérification du bon fonctionnement). Travaux de dépannage (diagnostique électrique, remise en fonctionnement, mesures conservatoires). Travaux de réparations/modifications (remise en état, raccordement électrique, remplacement et remise en service des installations).
Chauffeur opérateur assainissement : il réalisera en autonomie (après une période de formation) avec un mini combiné hydrocureur (type Ford ranger) des prestations de débouchage de canalisations (gouttières, branchement d'habitation, colonnes verticales dans les bâtiments). Il peut également réaliser des prestations de pompage/nettoyage (fosses toutes eaux, fosses d'ascenseur, Bac dégraisseur de restaurant, poste de relevage, ect...).

Poste à pourvoir dès que possible, sur du long terme.

Horaires : REGULIERE + astreintes - Excellent savoir-être.

Première expérience en plomberie idéale.
Permis B obligatoire.
Show more Show less"
28,Femme - Valet de Chambre H/F,Crit Intérim,3043666149,2022-04-23,https://fr.linkedin.com/jobs/view/femme-valet-de-chambre-h-f-at-crit-int%C3%A9rim-3043666149?refId=6%2FpYjWzKNcxC6ae7KGul7A%3D%3D&trackingId=6OAe%2FBMUz5I55KDfGmyPAQ%3D%3D&position=14&pageNum=1&trk=public_jobs_jserp-result_search-card,[],"Vous recherchez un emploi en CDI, CDD ou en intérim

CRIT recrute chaque année des milliers de profils dans les métiers de l'Industrie, Transport, BTP ou Services pour ses 29 000 clients.+ de 5000 offres d'emploi partout en France sur www.crit-job.com

Tous nos postes sont ouverts aux candidats en situation de handicap.

Nous recherchons pour l'un de nos clients à Saint Malo, des femmes / valets de chambre

Vous intégrerez une entreprise pour la saison afin de faire le nettoyage des chambres et espaces collectifs, changement des draps, dépoussiérage, nettoyage des vitres, aspirateur, serpillière...

Horaires en temps partiel 28 heures de 9h à 14h parfois 15 h Vos principales missions :

Changement des draps.
Dépoussiérage, nettoyage des vitres.
Aspirateur, serpillière.

Vous travaillez le matin jusqu'au début d'après-midi

Vous aurez accès aux avantages du comité d'entreprise et à la mutuelle
Show more Show less"
29,Infirmier Lunel H/F,DOMINO RH,3043671166,2022-04-23,https://fr.linkedin.com/jobs/view/infirmier-lunel-h-f-at-domino-rh-3043671166?refId=6%2FpYjWzKNcxC6ae7KGul7A%3D%3D&trackingId=ECPOHY14FNOXAxCj8Qq1Tg%3D%3D&position=15&pageNum=1&trk=public_jobs_jserp-result_search-card,[],"Le Groupe DOMINO (500 collaborateurs, 120 agences en France, Pologne, Portugal, Maroc et Suisse, 150 millions EUR de CA en 2020) se développe depuis 20 ans sur le marché des solutions RH (intérim, recrutement, formation, conseil).

Notre activité est structurée en 3 branches : Tertiaire (DOMINO STAFF), Médico-Social (DOMINO ASSIST'M), Généraliste (DOMINO MISSIONS).

Nos valeurs sont le résultat de notre passion et de nos engagements : sens du travail collectif et satisfaction de nos clients, et de nos collaborateurs intérimaires.

DOMINO ASSIST'M est à la recherche d'un profil infirmier H/F pour un EHPAD à Lunel dans le cadre de mission d'intérim.

Missions

Les Missions Seront Les Suivantes

La surveillance au quotidien

La distribution des médicaments

La gestion des risques (déshydratation...)

La mise en place de protocole, suivi des commandes à la pharmacie de ville

La location de matériels spécifiques (matelas anti-escarres, concentrateurs d'oxygène...)

Le suivi des dossiers et transmission

Valider les soins acquis des équipes soignantes Diplôme IDE exigé

Attentif(ve) et disponible, l'infirmier(ière) doit faire preuve de discernement, de bonnes initiatives pour le confort et la sécurité des résidents.
Show more Show less"
